url,title,price,sales
https://www.etsy.com/listing/1171848210/925-sterling-silver-ring-hug-ring?click_key=1860b642394f1b2c0f1ed467af08417bdfaead70%3A1171848210&click_sum=4b764755&ga_order=most_relevant&ga_search_type=all&ga_view_type=gallery&ga_search_query=gift+for+women&ref=search_grid-6618-1-1&pro=1&edd=1,"925 Sterling Silver Ring, Hug Ring, Stackable Ring, Minimalist Ring, Love Ring, Adjustable Ring, Gift for Women, Bestseller, Summer Jewelry",271106,568
https://www.etsy.com/listing/651649041/silver-name-necklace-for-women?click_key=50fcbd1612e362c1a74a136e01f48be84c5acf29%3A651649041&click_sum=e9970e6c&ga_order=most_relevant&ga_search_type=all&ga_view_type=gallery&ga_search_query=gift+for+women&ref=search_grid-6618-1-2&pro=1&edd=1&sts=1,"Silver Name Necklace For Women, Personalized Jewelry, Custom Gold Name Necklace,Christmas Gift,Personalized Gift For Women,Christmas Jewelry",190127,10365
https://www.etsy.com/listing/888101543/crescent-moon-necklace-stevie-nicks?click_key=0ec631e521860ff6a5280a1e3694e7b6c706b6cc%3A888101543&click_sum=7ab0739f&ga_order=most_relevant&ga_search_type=all&ga_view_type=gallery&ga_search_query=gift+for+women&ref=search_grid-6618-1-3&pro=1&edd=1&sts=1,"Crescent Moon Necklace, Stevie Nicks Pendant, Personalized gift for Women, Gold Filled Necklace, Bridesmaid Gift, Christmas Gifts for Women",419108,916
https://www.etsy.com/listing/1321560192/solid-gold-name-necklace-personalized?click_key=955108aa7a32f6702bf8deecc6e7e8ebc6f31221%3A1321560192&click_sum=4c7a4a19&ga_order=most_relevant&ga_search_type=all&ga_view_type=gallery&ga_search_query=gift+for+women&ref=search_grid-6618-1-4&pro=1&frs=1&edd=1,"Solid Gold Name Necklace, Personalized Name Necklaces, Personalized Gifts, Gold Nameplated Necklace, Custom Name Necklace, Gift for Women",476115,5
https://www.etsy.com/listing/1116408691/name-necklace-with-birth-flower?click_key=755bece8eec54571fb493a77c04df052518de8a9%3A1116408691&click_sum=cb302982&ga_order=most_relevant&ga_search_type=all&ga_view_type=gallery&ga_search_query=gift+for+women&ref=search_grid-6619-1-1&pro=1&edd=1,"Name Necklace with Birth Flower, Personalized Necklace, Custom Birth Flower Minimalist Jewelry, Wildflower Pendant Christmas gift for Her",314190,187
https://www.etsy.com/listing/1317733254/christmas-gift-for-her-gift-for-mum-gift?click_key=7f4e1c167021b157e27d019a068c0f5a51142423%3A1317733254&click_sum=6b835bbc&ga_order=most_relevant&ga_search_type=all&ga_view_type=gallery&ga_search_query=gift+for+women&ref=search_grid-6619-1-2&pro=1&edd=1,Christmas gift for her gift for Mum gift for Girlfriend Christmas gift ideas gift for wife gift for sister gift for woman Custom Jewelry box,148438,9585
https://www.etsy.com/listing/875609933/personalized-initial-resin-keychains?click_key=68c3b41290bb406da5e8883ac027bf1d1282a38d%3A875609933&click_sum=86c15929&ga_order=most_relevant&ga_search_type=all&ga_view_type=gallery&ga_search_query=gift+for+women&ref=search_grid-6619-1-3&edd=1&pop=1&sts=1,Personalized initial resin keychains with inlaid flowers - Christmas gift idea,115192,1678
https://www.etsy.com/listing/1024901013/sleep-well-gift-box-relaxation-pamper?click_key=f391abacfd75fd12629dc2bb57288b60163821b0%3A1024901013&click_sum=c63625bb&ga_order=most_relevant&ga_search_type=all&ga_view_type=gallery&ga_search_query=gift+for+women&ref=search_grid-6619-1-4&edd=1&pop=1&sts=1,Sleep Well Gift Box /relaxation pamper gift /wellbeing letterbox gift /Christmas gift,214648,1831
https://www.etsy.com/listing/1317174043/limited-edition-handmade-resin-bookmark?click_key=e9cb6edfdbaab34a7cc31af5a2db61bd03ad518e%3A1317174043&click_sum=4c07afc9&ga_order=most_relevant&ga_search_type=all&ga_view_type=gallery&ga_search_query=gift+for+women&ref=search_grid-6619-1-5&edd=1&pop=1&sts=1,"Limited Edition Handmade Resin Bookmark with dried flowers and gold leaf, Personalised bookmark, unique gift for her, Book lover gift",146484,207
https://www.etsy.com/listing/733759013/gift-for-men-docking-station-it-keeps?click_key=f870c011d2172304b9b56d043151725f85ade1f4%3A733759013&click_sum=86adbc4d&ga_order=most_relevant&ga_search_type=all&ga_view_type=gallery&ga_search_query=gift+for+women&ref=search_grid-6619-1-6&pro=1&edd=1&sts=1,"Gift for Men Docking Station, It keeps all personal items organized, Gift for Him, Christmas Gift, Personalized Gift, Gift for Husband",381369,10671
https://www.etsy.com/listing/1327561223/chamomile-honey-gift-set-soaps-large?click_key=79f4b58a56172f127ead33bce0a520439f108f76%3A1327561223&click_sum=399db28f&ga_order=most_relevant&ga_search_type=all&ga_view_type=gallery&ga_search_query=gift+for+women&ref=search_grid-6619-1-7&edd=1&pop=1,"Chamomile, Honey Gift Set - Soaps, Large Bath Bomb & Bath Salt in Corked Jar. All Natural Ingredients. Vegan, Christmas present",195117,1902
https://www.etsy.com/listing/1005251041/a-little-pocket-bear-hug-ready-to-give?click_key=d4607d5eed0f458e6227300f15cd3dbe0c070383%3A1005251041&click_sum=8122c59a&ga_order=most_relevant&ga_search_type=all&ga_view_type=gallery&ga_search_query=gift+for+women&ref=search_grid-6619-1-8&edd=1&pop=1,A Little Pocket Bear Hug - ready to give bear hugs to whoever needs one. Supports positive mental health. Personalise with your own message.,195117,1200
https://www.etsy.com/listing/1285450378/personalized-bar-necklace-custom?click_key=63514df0ab15230d32540a4406779985c07ea5bd%3A1285450378&click_sum=c1a25874&ga_order=most_relevant&ga_search_type=all&ga_view_type=gallery&ga_search_query=gift+for+women&ref=search_grid-227218-1-5&pro=1&frs=1&edd=1,Personalized Bar Necklace • Custom Coordinates Name necklace • Engraved Nameplate Jewelry • Gold Silver • Gift for women • Gifts for her mom,554459,78
https://www.etsy.com/listing/1182504086/14k-solid-gold-butterfly-wing-earrings?click_key=d6c0bc98cec254b026190c56ae6479f85b73066a%3A1182504086&click_sum=124da075&ga_order=most_relevant&ga_search_type=all&ga_view_type=gallery&ga_search_query=gift+for+women&ref=search_grid-227218-1-6&pro=1&edd=1,"14K Solid Gold Butterfly Wing Earrings, Solid Gold Earrings, Gold Half Wing Butterfly Stud Earring, Gift for Women",1821656,198
https://www.etsy.com/listing/1196835518/16k-gold-plated-mama-necklace-for-women?click_key=1ac1a51e0dab10ffd09948a14fdfbc882e340ec7%3A1196835518&click_sum=06211f32&ga_order=most_relevant&ga_search_type=all&ga_view_type=gallery&ga_search_query=gift+for+women&ref=search_grid-227218-1-7&pro=1&edd=1&sts=1,16K Gold Plated MAMA Necklace for Women First Mother's Day Gift from Daughter New Mom Gifts Minimalist Necklaces For Mother in Law Gift,402389,25851
https://www.etsy.com/listing/1321976900/minimalist-nameplate-necklace-gold-name?click_key=eb0c358021833839bf293960e0d9f6432557bdd3%3A1321976900&click_sum=a3c71cd0&ga_order=most_relevant&ga_search_type=all&ga_view_type=gallery&ga_search_query=gift+for+women&ref=search_grid-227218-1-8&pro=1&frs=1&edd=1&sts=1,"Minimalist Nameplate Necklace, Gold Name Plate Necklace, Arabic Name Necklace, Hebrew Name Necklace, Personalized Christmas Gifts For Women",745223,1984
https://www.etsy.com/listing/1096788014/dainty-name-necklace-with-birth-flower?click_key=559fc97b36e59f04ded7766ed0f8e888fdf68257%3A1096788014&click_sum=232ab593&ga_order=most_relevant&ga_search_type=all&ga_view_type=gallery&ga_search_query=gift+for+women&ref=search_grid-227219-1-9&pro=1&frs=1&edd=1&sts=1,"Dainty Name Necklace with Birth Flower, Personalized Name Necklace, Custom Gold Name Jewelry, Birthday Gift for Her, Bridesmaid Gift",361133,8733
https://www.etsy.com/listing/1104434634/belly-button-cleaner-joke-present-gift?click_key=2563adaa371a797f92960323ad7714a5121be066%3A1104434634&click_sum=b4c58563&ga_order=most_relevant&ga_search_type=all&ga_view_type=gallery&ga_search_query=gift+for+women&ref=search_grid-227219-1-10&edd=1&pop=1,"Belly button cleaner, joke present, gift for him, birthday gifts, secret santa, stocking fillers, Christmas gift, gift for you, joke gift",48828,2678
https://www.etsy.com/listing/1110070444/personalized-birth-flower-necklace-with?click_key=16261a49fc9e13a46c85a08c3026083079817a7d%3A1110070444&click_sum=41020404&ga_order=most_relevant&ga_search_type=all&ga_view_type=gallery&ga_search_query=gift+for+women&ref=search_grid-227219-1-11&pro=1&frs=1&edd=1&sts=1,"Personalized Birth Flower Necklace with Name, Floral Necklace, Engraved Necklace, Mom Necklace, Bridesmaid Gift, Birthday Gift for Her",294009,869
https://www.etsy.com/listing/932218890/slate-coaster-personalised-your-drink?click_key=27a95e7141c6f41ec6cfca60806f2edfcfa929be%3A932218890&click_sum=4959cc4f&ga_order=most_relevant&ga_search_type=all&ga_view_type=gallery&ga_search_query=gift+for+women&ref=search_grid-227219-1-12&edd=1&pop=1,"Slate Coaster, Personalised Your Drink Here, Tea Coffee Gin Beer Wine Whisky Laser Engraved Gift, Wedding, Birthday, Anniversary, Christmas",195117,14666
https://www.etsy.com/listing/1121521061/christmas-personalized-candle-favors?click_key=cbed81a56e94221f92d1f20a578a4f854636a573%3A1121521061&click_sum=f4cdf1b4&ga_order=most_relevant&ga_search_type=all&ga_view_type=gallery&ga_search_query=gift+for+women&ref=search_grid-227219-1-13&pro=1&edd=1&sts=1,"Christmas Personalized Candle Favors, Christmas Gifts, Christmas Rustic Favors, Happy New Year, Happy Holiday, Thanksgiving Custom Favors",26911,4987
https://www.etsy.com/listing/858660744/christmas-gift-for-her-gift-for?click_key=e31b6a323bc78d82e56ba40999b27b1486860ff3%3A858660744&click_sum=3705f1bf&ga_order=most_relevant&ga_search_type=all&ga_view_type=gallery&ga_search_query=gift+for+women&ref=search_grid-227219-1-14&pro=1&edd=1&sts=1,Christmas gift for her gift for girlfriend gift for her Christmas gift ideas gift for mum gift for sister gift for woman custom gift box,117188,10004
https://www.etsy.com/listing/1035684640/personalised-song-plaque-with-stand-any?click_key=f9490a2c3a2c204a1dc0bf1f0b2888448057b640%3A1035684640&click_sum=75d21972&ga_order=most_relevant&ga_search_type=all&ga_view_type=gallery&ga_search_query=gift+for+women&ref=search_grid-227219-1-15&frs=1&edd=1&pop=1,"Personalised Song Plaque With Stand, Any Photo / Song, Any Playlist, Album Cover, Music Gift, Music Prints",439453,3332
https://www.etsy.com/listing/1213617116/anniversary-gifts-personalized-gifts?click_key=f1eebe5940706a6ed08eb65ebcb7c692d97b433b%3A1213617116&click_sum=3d6d2eab&ga_order=most_relevant&ga_search_type=all&ga_view_type=gallery&ga_search_query=gift+for+women&ref=search_grid-227219-1-16&pro=1&edd=1&sts=1,"Anniversary gifts, Personalized gifts, Girlfriend gift, Birthday gifts for her, Personalized gifts for her, Wife gift, Christmas gifts",398089,2759
https://www.etsy.com/listing/663726819/genuine-leather-tote-bag-leather?click_key=9f8e74e6a708b699d089673ef19a59bf3f5016a2%3A663726819&click_sum=eb6d5478&ga_order=most_relevant&ga_search_type=all&ga_view_type=gallery&ga_search_query=gift+for+women&ref=search_grid-227218-1-9&pro=1&frs=1&edd=1,Genuine Leather Tote Bag Leather Anniversary Wedding Gift for Women Men Zipper Leather Purse Custom Gift for Her Travel Essential,878981,4350
https://www.etsy.com/listing/1294199153/jewelry-organizer-travel-jewelry-box?click_key=ab3f3a3418d92aaaaeabb25786a9602f68487a78%3A1294199153&click_sum=83bdb9d5&ga_order=most_relevant&ga_search_type=all&ga_view_type=gallery&ga_search_query=gift+for+women&ref=search_grid-227218-1-10&pro=1&frs=1&edd=1&sts=1,Jewelry Organizer | Travel Jewelry Box | Bridesmaid Jewelry Box | Personalized Gift for Women | Bridal Party Gift | Personalized Boxes,112728,430
https://www.etsy.com/listing/974298186/to-my-sassenach-necklace-blood-of-my?click_key=814c5fde7ac0c232c887cf486a321d7a1b65de10%3A974298186&click_sum=c633d710&ga_order=most_relevant&ga_search_type=all&ga_view_type=gallery&ga_search_query=gift+for+women&ref=search_grid-227218-1-11&sts=1,"To My Sassenach Necklace, Blood of My Blood, Outlander Jewelry, Celtic Necklace, Gift From Husband to Wife, Outlander Gifts For Women",780255,599
https://www.etsy.com/listing/618244122/full-grain-leather-wallet-personalized?click_key=a3a1912d691958e6fa7dc59a345337a61b37eaf7%3A618244122&click_sum=cf64a02c&ga_order=most_relevant&ga_search_type=all&ga_view_type=gallery&ga_search_query=gift+for+women&ref=search_grid-227218-1-12&pro=1&edd=1,"Full Grain Leather Wallet, Personalized Leather Wallet, Distressed Leather Wallet, Trifold Wallet Women, Anniversary Gift, Gifts For Women",1141498,3071
https://www.etsy.com/listing/968838340/personalised-name-definition-grey-satin?click_key=3a46da5310db8949a0840e912187d62e5b560536%3A968838340&click_sum=c7fc1528&ga_order=most_relevant&ga_search_type=all&ga_view_type=gallery&ga_search_query=gift+for+women&ref=search_grid-227219-1-17&edd=1&pop=1&sts=1,Personalised Name Definition Grey Satin Mug Laser Engraved Gifts Ideas Presents For Mum Dad Birthday Christmas Mothers Fathers Day,292773,10845
https://www.etsy.com/listing/620624963/personalized-gift-for-women-personalized?click_key=9be8afc3e968c1aa8714bfb1192c5cbabd372191%3A620624963&click_sum=df9ee3dd&ga_order=most_relevant&ga_search_type=all&ga_view_type=gallery&ga_search_query=gift+for+women&ref=search_grid-227219-1-18&pro=1&edd=1&sts=1,Personalized Gift for Women Personalized Womens Gift Birthday Gift For Her Romantic Gift for Her,431052,3665
https://www.etsy.com/listing/888003836/coasters-editors-pick-set-of-6-drink?click_key=825349d23aab1da8993c75d58c7e2d298d3dd764%3A888003836&click_sum=1422bb95&ga_order=most_relevant&ga_search_type=all&ga_view_type=gallery&ga_search_query=gift+for+women&ref=search_grid-227219-1-19&edd=1&pop=1&sts=1,Coasters | Editors' Pick | Set of 6 Drink Coaster Set | Persian Turkish Moroccan Pattern | Housewarming Gifts | Gifts for Her | Christmas,195117,3639
https://www.etsy.com/listing/651649041/silver-name-necklace-for-women?click_key=c1c476afff96fcb29c7404aeb96eb0cf4553df01%3A651649041&click_sum=d10365cf&ga_order=most_relevant&ga_search_type=all&ga_view_type=gallery&ga_search_query=gift+for+women&ref=search_grid-227219-1-20&pro=1&edd=1&sts=1,"Silver Name Necklace For Women, Personalized Jewelry, Custom Gold Name Necklace,Christmas Gift,Personalized Gift For Women,Christmas Jewelry",190127,10365
https://www.etsy.com/listing/1180298564/custom-faceless-portrait-faceless?click_key=85312666a3df6b25843f997e96e1f875939fb4af%3A1180298564&click_sum=55e30c30&ga_order=most_relevant&ga_search_type=all&ga_view_type=gallery&ga_search_query=gift+for+women&ref=search_grid-227219-1-21&frs=1&edd=1&pop=1,"Custom Faceless Portrait, Faceless Portrait Print, Custom Portrait, Faceless Digital Portrait, Couple Digital Faceless Illustration, ASAP",191083,4468
https://www.etsy.com/listing/1308195182/holiday-gifts-for-her-jewelry-travel?click_key=6c1f973425bfd751dcfa335288a4683aabc8177e%3A1308195182&click_sum=8450c157&ga_order=most_relevant&ga_search_type=all&ga_view_type=gallery&ga_search_query=gift+for+women&ref=search_grid-227219-1-22&pro=1&edd=1&sts=1,"Holiday Gifts For Her-Jewelry Travel Case,Custom Bridesmaid Jewelry Boxes,Bridesmaids Gift,Personalized Gift For Her,Christmas Gift,Birthday",167197,3972
https://www.etsy.com/listing/988823704/shower-steamers-uk-made-4-pack?click_key=15d87c3ee0eee1f9e9c98a3b6b9b003b827c86bb%3A988823704&click_sum=e80ee059&ga_order=most_relevant&ga_search_type=all&ga_view_type=gallery&ga_search_query=gift+for+women&ref=search_grid-227219-1-23&edd=1&pop=1&sts=1,Shower Steamers UK Made 4 Pack - Aromatherapy | Shower Bombs | UK Handmade | All Natural + Essential Oils | Eco Packaging,252930,1488
https://www.etsy.com/listing/1210723674/custom-jewelry-box-jewellery-storage?click_key=c25fda9802452b7cfdc8abf16a826b9536e5627b%3A1210723674&click_sum=eae8171c&ga_order=most_relevant&ga_search_type=all&ga_view_type=gallery&ga_search_query=gift+for+women&ref=search_grid-227219-1-24&pro=1&edd=1,Custom jewelry box jewellery storage ring box travel jewellery case girls jewellery box gift for her personalized gifts,148438,9585
https://www.etsy.com/listing/1288132640/this-necklace-is-named-the-aurora?click_key=91e1fe9aa8731285da282d5ca4b02c6c34b3bb4b%3A1288132640&click_sum=3b17e478&ga_order=most_relevant&ga_search_type=all&ga_view_type=gallery&ga_search_query=gift+for+women&ref=search_grid-227218-1-13&pro=1&frs=1&edd=1&sts=1,This Necklace is Named The Aurora Borealis Under Starlight | This 14K Solid Gold Piece Has A Museum Grade Opal & 4x D Grade Natural Diamonds,233722871,338
https://www.etsy.com/listing/1217427223/14k-solid-gold-name-necklace-custom-name?click_key=9c854a2d09e9ef23dc127dff7bde219a90e64df8%3A1217427223&click_sum=544b9e2b&ga_order=most_relevant&ga_search_type=all&ga_view_type=gallery&ga_search_query=gift+for+women&ref=search_grid-227218-1-14&pro=1&edd=1,"14K Solid Gold Name Necklace, Custom Name Necklace, Nameplate Necklace, Personalized Jewelry, Personalized Gifts for Women,Christmas Gift",859873,158
https://www.etsy.com/listing/773977478/large-blue-silk-scarf-scarves-for-women?click_key=098ae13c167019f955044853890e6e070ba285e5%3A773977478&click_sum=cfea7bf5&ga_order=most_relevant&ga_search_type=all&ga_view_type=gallery&ga_search_query=gift+for+women&ref=search_grid-227218-1-15&pro=1&sts=1,"Large Blue Silk Scarf, Scarves for Women, Teal Green, Blue, Peach, Long Shawl. Appreciation Gift for woman, ""Orient"", Meditation shawl",1108280,758
https://www.etsy.com/listing/1083005803/italian-design-spring-sparkle-necklace?click_key=fe9927bed4234bd9db41f1f4209770b4e8e7d0e7%3A1083005803&click_sum=55a2cdc8&ga_order=most_relevant&ga_search_type=all&ga_view_type=gallery&ga_search_query=gift+for+women&ref=search_grid-227218-1-16&pro=1&frs=1&edd=1&sts=1,Italian Design Spring Sparkle Necklace - 925 Sterling Silver - Flowers Sterling Silver Necklace - Wedding Gift for Women - Summer Jewelery,476115,342
https://www.etsy.com/listing/1267527099/personalised-prescription-wine-label-red?click_key=fb30cfc33f0b643e59593e4de404f9ddd6007726%3A1267527099&click_sum=2a9ec131&ga_order=most_relevant&ga_search_type=all&ga_view_type=gallery&ga_search_query=gift+for+women&ref=search_grid-227219-1-25&edd=1&pop=1,Personalised Prescription Wine Label Red White Rose Vinyl Sticker Funny Novelty Gift Birthday Anniversary,97461,11467
https://www.etsy.com/listing/772495585/custom-jewelry-box-jewellery-box?click_key=2743080a67d38a2cd4268bea41e259aac21651e2%3A772495585&click_sum=14328724&ga_order=most_relevant&ga_search_type=all&ga_view_type=gallery&ga_search_query=gift+for+women&ref=search_grid-227219-1-26&pro=1&edd=1&sts=1,Custom jewelry box Jewellery box jewellery ring box travel jewellery case girls jewellery box jewelry box with name bridesmaid proposal,125000,10004
https://www.etsy.com/listing/783936207/unique-planters-small-planter-air-plant?click_key=b3a48d0d0d387fe40a449c2ccff809c5449fe325%3A783936207&click_sum=d4bee93c&ga_order=most_relevant&ga_search_type=all&ga_view_type=gallery&ga_search_query=gift+for+women&ref=search_grid-227219-1-27&pro=1&edd=1,Unique Planters - Small Planter - Air Plant Gift - Small House Plant - Minimal planter - Plant gifts for men - Plant gifts for her,452941,845
https://www.etsy.com/listing/1086451982/personalised-bookmark?click_key=501cf4d33ee3e69dcaf39fb520c80e86adcf7e58%3A1086451982&click_sum=3b9f26fc&ga_order=most_relevant&ga_search_type=all&ga_view_type=gallery&ga_search_query=gift+for+women&ref=search_grid-227219-1-28&edd=1&pop=1&sts=1,Personalised BookMark,136523,1072
https://www.etsy.com/listing/1014352015/chance-made-us-colleagues-wooden-gift?click_key=46cfa65d332cd32a863b6e7dfd080f6b344c5eda%3A1014352015&click_sum=f93b5682&ga_order=most_relevant&ga_search_type=all&ga_view_type=gallery&ga_search_query=gift+for+women&ref=search_grid-227219-1-29&edd=1&pop=1,Chance made us Colleagues Wooden Gift Heart Plaque/Sign,58398,2788
https://www.etsy.com/listing/905169817/2-x-elf-pss-christmas-funny-novelty-wine?click_key=de8a80073a01fd3f94f0d855cd5faf24aa2caca2%3A905169817&click_sum=545a2463&ga_order=most_relevant&ga_search_type=all&ga_view_type=gallery&ga_search_query=gift+for+women&ref=search_grid-227219-1-30&edd=1&pop=1,2 x ELF P!ss Christmas Funny Novelty Wine Bottle Labels Joke Humour secret santa,67383,1895
https://www.etsy.com/listing/1264041409/combined-birth-flower-bouquet?click_key=9a18f927b21704aa913a0055e9302a80fce97d3c%3A1264041409&click_sum=b55a81f6&ga_order=most_relevant&ga_search_type=all&ga_view_type=gallery&ga_search_query=gift+for+women&ref=search_grid-227219-1-31&pro=1&frs=1&edd=1&sts=1,"Combined Birth Flower Bouquet Necklace,Gifts for Women,Flower Necklace,Handmade Jewelry,Mom Christmas Gift,Personalized Gifts for Her",358280,1862
https://www.etsy.com/listing/1123658913/christmas-scent-soap-favors-personalized?click_key=d999652b17a10b7633363c39b3b697ad4a88abbf%3A1123658913&click_sum=00c7bcfd&ga_order=most_relevant&ga_search_type=all&ga_view_type=gallery&ga_search_query=gift+for+women&ref=search_grid-227219-1-32&pro=1&edd=1&sts=1,Christmas Scent Soap Favors| Personalized Christmas Gifts | Custom Christmas Favors | Christmas Table | New Year Merry Christmas Favors,8758,1828
https://www.etsy.com/listing/809613679/womens-dopp-kit-personalized-toiletry?click_key=c40c2e8ef7c13382b4ff560825a62b91dfa9b8e0%3A809613679&click_sum=0c45ec64&ga_order=most_relevant&ga_search_type=all&ga_view_type=gallery&ga_search_query=gift+for+women&ref=search_grid-227219-1-33&pro=1&frs=1&edd=1,"Women's Dopp Kit, Personalized Toiletry Bag for Her, Leather Accessories Pouch, Personalized Gift for Women, Jewerly Storage Leather Bag",555732,7604
https://www.etsy.com/listing/1183967151/best-friend-gifts-personalized-best?click_key=5df101f81f84481a12f3a022f78c91a2459f5f54%3A1183967151&click_sum=57d4e586&ga_order=most_relevant&ga_search_type=all&ga_view_type=gallery&ga_search_query=gift+for+women&ref=search_grid-227219-1-34&frs=1&edd=1&pop=1,"Best Friend Gifts Personalized, Best Friend Birthday Gifts For Her, Friendship Gift, One Line Best Friend Christmas Gift For Best Friend",233723,2265
https://www.etsy.com/listing/1236401515/dainty-name-necklacepersonalized?click_key=2ec51fee0bcd84bb6a0a8aa0f08aa5a1d01a40c8%3A1236401515&click_sum=59546d15&ga_order=most_relevant&ga_search_type=all&ga_view_type=gallery&ga_search_query=gift+for+women&ref=search_grid-227219-1-35&pro=1&edd=1&sts=1,"Dainty Name Necklace,Personalized Signature Name Necklace,Mother Jewelry,Personalized Gifts For Her,Christmas Gifts For Mom,Birthday Gifts",146484,157
https://www.etsy.com/listing/629744104/mindfulness-journal-moan-and-move-on?click_key=d8b40824899d9947d70f4c8a641d998a88b583a6%3A629744104&click_sum=ab76ef4c&ga_order=most_relevant&ga_search_type=all&ga_view_type=gallery&ga_search_query=gift+for+women&ref=search_grid-227219-1-36&edd=1&pop=1,"mindfulness journal - Moan and Move On Note Pad - Funny notepad, notepad gift for her, funny gift for partner, stocking filler, gift for him",116211,3150
https://www.etsy.com/listing/1127715140/personalized-jewelry-boxes-accessories?click_key=beab52c6916d276e44e9f8cfd4a38aba06874cdc%3A1127715140&click_sum=9c2a838d&ga_order=most_relevant&ga_search_type=all&ga_view_type=gallery&ga_search_query=gift+for+women&ref=search_grid-227219-1-37&bes=1&edd=1&sts=1,"Personalized Jewelry Boxes, Accessories Case, Bridesmaid Gifts, romantic gifts, Custom Travel Case,Jewelry Box with Name,Thank you Gift",119281,1029
https://www.etsy.com/listing/1271761013/thank-you-keepsake-ks16-personalised?click_key=36ce7176f77c2d1708795f133bb3c9ca3113e864%3A1271761013&click_sum=acc64a60&ga_order=most_relevant&ga_search_type=all&ga_view_type=gallery&ga_search_query=gift+for+women&ref=search_grid-227219-1-38&edd=1&pop=1,Thank You Keepsake KS16 | Personalised Thank You Gift | Gift To Say Thank You | Ceramic Heart Keepsake | Thank You Present,194336,4482
https://www.etsy.com/listing/1277154548/custom-best-friend-portrait-faceless?click_key=5b3fc644a75c05250115e96d27a50e007a8cb11c%3A1277154548&click_sum=d2605336&ga_order=most_relevant&ga_search_type=all&ga_view_type=gallery&ga_search_query=gift+for+women&ref=search_grid-227219-1-39&frs=1&edd=1&pop=1&sts=1,"Custom Best Friend Portrait, Faceless Digital Portrait, Custom Cartoon Portrait, Best Friend Birthday Gift, Personalized Portrait From Photo",175159,366
https://www.etsy.com/listing/1173411836/funny-mother-pillow-funny-father-gift?click_key=cca1aebba017317cbf39b7d651b8ccce72054890%3A1173411836&click_sum=b02b26c0&ga_order=most_relevant&ga_search_type=all&ga_view_type=gallery&ga_search_query=gift+for+women&ref=search_grid-227219-1-40&pro=1&edd=1&sts=1,"Funny Mother Pillow, Funny Father Gift, Favorite Child Pillow, Funny Mom Gift, Funny Dad Gift, Mothers Day Gift Idea, Humorous Present Gift",157643,667
https://www.etsy.com/listing/239817282/personalized-starbucks-cup-gift-for?click_key=a71fc6bc5c3dd0a8be4c33c94a05b362f59d9faa%3A239817282&click_sum=b1adb5f3&ga_order=most_relevant&ga_search_type=all&ga_view_type=gallery&ga_search_query=gift+for+women&ref=search_grid-227219-1-41&pro=1,"Personalized Starbucks Cup Gift for Women and Teens, Back to School Gifts for Teachers, Coffee Lover Gift, Custom Eco Friendly Coffee Mug",54140,3100
https://www.etsy.com/listing/927799194/naughty-gift-for-him-naughty-scratch?click_key=095198117669d9408b1a6af2aee1896be3bfca7a%3A927799194&click_sum=a2fb42f2&ga_order=most_relevant&ga_search_type=all&ga_view_type=gallery&ga_search_query=gift+for+women&ref=search_grid-227219-1-42&edd=1&pop=1,"Naughty Gift for Him, Naughty Scratch Card, Adult Scratch Card, Birthday Gift for him, Adult Gift for Boyfriend, Rude Gift for Him",58398,8506
https://www.etsy.com/listing/918508720/monogram-purse-personalised-card-holder?click_key=34ba8f9c02fe525ab2f47714af8e3a9ac931f036%3A918508720&click_sum=aeffca78&ga_order=most_relevant&ga_search_type=all&ga_view_type=gallery&ga_search_query=gift+for+women&ref=search_grid-227219-1-43&edd=1&pop=1,Monogram purse | Personalised card holder | Women's wallet | personalized thank you gift | minimalist wallet | personalised gift for her,195117,6393
https://www.etsy.com/listing/1234643087/personalized-minimalist-name-necklace?click_key=dca80a5f75ae432b09a9b419d58a866038a214b1%3A1234643087&click_sum=a327fa4e&ga_order=most_relevant&ga_search_type=all&ga_view_type=gallery&ga_search_query=gift+for+women&ref=search_grid-227219-1-44&pro=1&edd=1&sts=1,"Personalized Minimalist Name Necklace, Custom Sterling Silver Name Necklace, Gold Name Jewelry, Gift for Her, Birthday Gift, Christmas Gift",273242,2298
https://www.etsy.com/listing/740184848/initial-bracelet-personalised-jewellery?click_key=f476e1996d58d9536efa58c5efe6ae914d1c4e8f%3A740184848&click_sum=b47afa95&ga_order=most_relevant&ga_search_type=all&ga_view_type=gallery&ga_search_query=gift+for+women&ref=search_grid-227219-1-45&pro=1&edd=1,"initial bracelet, personalised jewellery, custom jewelry, Valentines gift for her, gift for him, couple gift, charm bracelet, engraved gifts",191406,3073
https://www.etsy.com/listing/752736968/personalized-makeup-bag-personalized?click_key=81aba87785a49b058bffe1e2bb9321a0d837ccd0%3A752736968&click_sum=cf64e26b&ga_order=most_relevant&ga_search_type=all&ga_view_type=gallery&ga_search_query=gift+for+women&ref=search_grid-227219-1-46&pro=1&edd=1&sts=1,"Personalized Makeup Bag, Personalized Toiletry Bag, Mothers Day Gift for Her, Personalized Gift for Mom, Wife, Friends, Best Friend, BFF Day",152548,7008
https://www.etsy.com/listing/1086207125/personalised-couple-print-couples-gift?click_key=2fae8ed23e4f30cceee60745ec85079d477017fe%3A1086207125&click_sum=5550d2d1&ga_order=most_relevant&ga_search_type=all&ga_view_type=gallery&ga_search_query=gift+for+women&ref=search_grid-227219-1-47&pro=1&edd=1,"Personalised Couple Print, Couples Gift, Gift for Her, Boyfriend Girlfriend Print, Customised Couple, Anniversary Gift, Valentine, Christmas",124609,4636
https://www.etsy.com/listing/1297214014/personalized-christmas-gifts-for-women?click_key=83a1079775c439bde51e8cf48d3f2bca02bd4973%3A1297214014&click_sum=08b6da7b&ga_order=most_relevant&ga_search_type=all&ga_view_type=gallery&ga_search_query=gift+for+women&ref=search_grid-227219-1-48&pro=1&edd=1&sts=1,Personalized Christmas Gifts for Women Christmas Gifts for Coworkers (Female) Coworker Gift for Her Bulk Christmas Gifts Colleague Gift Xmas,152548,7008
